"Gene.set","URL","universe.size","goi","goi.in.universe","pathway.size","no.overlap","k.over.K","pvalue","FDR","Overlapping Genes","X2"
"INTEGRIN_BINDING","http://www.broadinstitute.org/gsea/msigdb/cards/INTEGRIN_BINDING",13105,2,2,30,0,0,1,1,"",""
"CATION_TRANSMEMBRANE_TRANSPORTER_ACTIVITY","http://www.broadinstitute.org/gsea/msigdb/cards/CATION_TRANSMEMBRANE_TRANSPORTER_ACTIVITY",13105,2,2,213,0,0,1,1,"",""
"MAP_KINASE_ACTIVITY","http://www.broadinstitute.org/gsea/msigdb/cards/MAP_KINASE_ACTIVITY",13105,2,2,12,0,0,1,1,"",""
"TRANSLATION_REGULATOR_ACTIVITY","http://www.broadinstitute.org/gsea/msigdb/cards/TRANSLATION_REGULATOR_ACTIVITY",13105,2,2,41,0,0,1,1,"",""
"HYDROLASE_ACTIVITY_ACTING_ON_ACID_ANHYDRIDES","http://www.broadinstitute.org/gsea/msigdb/cards/HYDROLASE_ACTIVITY_ACTING_ON_ACID_ANHYDRIDES",13105,2,2,228,0,0,1,1,"",""
"MRNA_BINDING","http://www.broadinstitute.org/gsea/msigdb/cards/MRNA_BINDING",13105,2,2,23,0,0,1,1,"",""
"PROTEIN_PHOSPHATASE_TYPE_2A_REGULATOR_ACTIVITY","http://www.broadinstitute.org/gsea/msigdb/cards/PROTEIN_PHOSPHATASE_TYPE_2A_REGULATOR_ACTIVITY",13105,2,2,14,0,0,1,1,"",""
"ACTIVE_TRANSMEMBRANE_TRANSPORTER_ACTIVITY","http://www.broadinstitute.org/gsea/msigdb/cards/ACTIVE_TRANSMEMBRANE_TRANSPORTER_ACTIVITY",13105,2,2,122,0,0,1,1,"",""
"GLUTAMATE_RECEPTOR_ACTIVITY","http://www.broadinstitute.org/gsea/msigdb/cards/GLUTAMATE_RECEPTOR_ACTIVITY",13105,2,2,20,0,0,1,1,"",""
"ACID_AMINO_ACID_LIGASE_ACTIVITY","http://www.broadinstitute.org/gsea/msigdb/cards/ACID_AMINO_ACID_LIGASE_ACTIVITY",13105,2,2,57,0,0,1,1,"",""
"SEROTONIN_RECEPTOR_ACTIVITY","http://www.broadinstitute.org/gsea/msigdb/cards/SEROTONIN_RECEPTOR_ACTIVITY",13105,2,2,11,0,0,1,1,"",""
"INORGANIC_ANION_TRANSMEMBRANE_TRANSPORTER_ACTIVITY","http://www.broadinstitute.org/gsea/msigdb/cards/INORGANIC_ANION_TRANSMEMBRANE_TRANSPORTER_ACTIVITY",13105,2,2,19,0,0,1,1,"",""
"HISTONE_METHYLTRANSFERASE_ACTIVITY","http://www.broadinstitute.org/gsea/msigdb/cards/HISTONE_METHYLTRANSFERASE_ACTIVITY",13105,2,2,11,0,0,1,1,"",""
"PROTEIN_DOMAIN_SPECIFIC_BINDING","http://www.broadinstitute.org/gsea/msigdb/cards/PROTEIN_DOMAIN_SPECIFIC_BINDING",13105,2,2,72,0,0,1,1,"",""
"CARBOHYDRATE_BINDING","http://www.broadinstitute.org/gsea/msigdb/cards/CARBOHYDRATE_BINDING",13105,2,2,72,0,0,1,1,"",""
"G_PROTEIN_COUPLED_RECEPTOR_BINDING","http://www.broadinstitute.org/gsea/msigdb/cards/G_PROTEIN_COUPLED_RECEPTOR_BINDING",13105,2,2,54,0,0,1,1,"",""
"GTP_BINDING","http://www.broadinstitute.org/gsea/msigdb/cards/GTP_BINDING",13105,2,2,46,0,0,1,1,"",""
"HYDRO_LYASE_ACTIVITY","http://www.broadinstitute.org/gsea/msigdb/cards/HYDRO_LYASE_ACTIVITY",13105,2,2,27,0,0,1,1,"",""
"NUCLEOTIDE_BINDING","http://www.broadinstitute.org/gsea/msigdb/cards/NUCLEOTIDE_BINDING",13105,2,2,224,0,0,1,1,"",""
"COPPER_ION_BINDING","http://www.broadinstitute.org/gsea/msigdb/cards/COPPER_ION_BINDING",13105,2,2,15,0,0,1,1,"",""
"DI__TRI_VALENT_INORGANIC_CATION_TRANSMEMBRANE_TRANSPORTER_ACTIVITY","http://www.broadinstitute.org/gsea/msigdb/cards/DI__TRI_VALENT_INORGANIC_CATION_TRANSMEMBRANE_TRANSPORTER_ACTIVITY",13105,2,2,22,0,0,1,1,"",""
"TRANSMEMBRANE_RECEPTOR_PROTEIN_KINASE_ACTIVITY","http://www.broadinstitute.org/gsea/msigdb/cards/TRANSMEMBRANE_RECEPTOR_PROTEIN_KINASE_ACTIVITY",13105,2,2,51,0,0,1,1,"",""
"SYMPORTER_ACTIVITY","http://www.broadinstitute.org/gsea/msigdb/cards/SYMPORTER_ACTIVITY",13105,2,2,31,0,0,1,1,"",""
"TRANSFERASE_ACTIVITY_TRANSFERRING_ACYL_GROUPS","http://www.broadinstitute.org/gsea/msigdb/cards/TRANSFERASE_ACTIVITY_TRANSFERRING_ACYL_GROUPS",13105,2,2,59,0,0,1,1,"",""
"ANTIPORTER_ACTIVITY","http://www.broadinstitute.org/gsea/msigdb/cards/ANTIPORTER_ACTIVITY",13105,2,2,10,0,0,1,1,"",""
"HEMATOPOIETIN_INTERFERON_CLASSD200_DOMAIN_CYTOKINE_RECEPTOR_BINDING","http://www.broadinstitute.org/gsea/msigdb/cards/HEMATOPOIETIN_INTERFERON_CLASSD200_DOMAIN_CYTOKINE_RECEPTOR_BINDING",13105,2,2,29,0,0,1,1,"",""
"MONOSACCHARIDE_BINDING","http://www.broadinstitute.org/gsea/msigdb/cards/MONOSACCHARIDE_BINDING",13105,2,2,11,0,0,1,1,"",""
"OXIDOREDUCTASE_ACTIVITY_ACTING_ON_SULFUR_GROUP_OF_DONORS","http://www.broadinstitute.org/gsea/msigdb/cards/OXIDOREDUCTASE_ACTIVITY_ACTING_ON_SULFUR_GROUP_OF_DONORS",13105,2,2,10,0,0,1,1,"",""
"DNA_HELICASE_ACTIVITY","http://www.broadinstitute.org/gsea/msigdb/cards/DNA_HELICASE_ACTIVITY",13105,2,2,25,0,0,1,1,"",""
"ENDODEOXYRIBONUCLEASE_ACTIVITY","http://www.broadinstitute.org/gsea/msigdb/cards/ENDODEOXYRIBONUCLEASE_ACTIVITY",13105,2,2,11,0,0,1,1,"",""
"PROTEIN_TYROSINE_PHOSPHATASE_ACTIVITY","http://www.broadinstitute.org/gsea/msigdb/cards/PROTEIN_TYROSINE_PHOSPHATASE_ACTIVITY",13105,2,2,53,0,0,1,1,"",""
"RAS_GTPASE_ACTIVATOR_ACTIVITY","http://www.broadinstitute.org/gsea/msigdb/cards/RAS_GTPASE_ACTIVATOR_ACTIVITY",13105,2,2,29,0,0,1,1,"",""
"PHOSPHORIC_MONOESTER_HYDROLASE_ACTIVITY","http://www.broadinstitute.org/gsea/msigdb/cards/PHOSPHORIC_MONOESTER_HYDROLASE_ACTIVITY",13105,2,2,112,0,0,1,1,"",""
"DAMAGED_DNA_BINDING","http://www.broadinstitute.org/gsea/msigdb/cards/DAMAGED_DNA_BINDING",13105,2,2,21,0,0,1,1,"",""
"RNA_HELICASE_ACTIVITY","http://www.broadinstitute.org/gsea/msigdb/cards/RNA_HELICASE_ACTIVITY",13105,2,2,24,0,0,1,1,"",""
"LIGASE_ACTIVITY_FORMING_CARBON_NITROGEN_BONDS","http://www.broadinstitute.org/gsea/msigdb/cards/LIGASE_ACTIVITY_FORMING_CARBON_NITROGEN_BONDS",13105,2,2,68,0,0,1,1,"",""
"LIPID_BINDING","http://www.broadinstitute.org/gsea/msigdb/cards/LIPID_BINDING",13105,2,2,87,0,0,1,1,"",""
"KINASE_BINDING","http://www.broadinstitute.org/gsea/msigdb/cards/KINASE_BINDING",13105,2,2,70,0,0,1,1,"",""
"ALDO_KETO_REDUCTASE_ACTIVITY","http://www.broadinstitute.org/gsea/msigdb/cards/ALDO_KETO_REDUCTASE_ACTIVITY",13105,2,2,12,0,0,1,1,"",""
"PHOSPHOTRANSFERASE_ACTIVITY_ALCOHOL_GROUP_AS_ACCEPTOR","http://www.broadinstitute.org/gsea/msigdb/cards/PHOSPHOTRANSFERASE_ACTIVITY_ALCOHOL_GROUP_AS_ACCEPTOR",13105,2,2,334,0,0,1,1,"",""
"OXIDOREDUCTASE_ACTIVITY_GO_0016705","http://www.broadinstitute.org/gsea/msigdb/cards/OXIDOREDUCTASE_ACTIVITY_GO_0016705",13105,2,2,38,0,0,1,1,"",""
"LIPASE_ACTIVITY","http://www.broadinstitute.org/gsea/msigdb/cards/LIPASE_ACTIVITY",13105,2,2,50,0,0,1,1,"",""
"STEROID_DEHYDROGENASE_ACTIVITY","http://www.broadinstitute.org/gsea/msigdb/cards/STEROID_DEHYDROGENASE_ACTIVITY",13105,2,2,11,0,0,1,1,"",""
"SUGAR_BINDING","http://www.broadinstitute.org/gsea/msigdb/cards/SUGAR_BINDING",13105,2,2,34,0,0,1,1,"",""
"INWARD_RECTIFIER_POTASSIUM_CHANNEL_ACTIVITY","http://www.broadinstitute.org/gsea/msigdb/cards/INWARD_RECTIFIER_POTASSIUM_CHANNEL_ACTIVITY",13105,2,2,12,0,0,1,1,"",""
"RAS_GUANYL_NUCLEOTIDE_EXCHANGE_FACTOR_ACTIVITY","http://www.broadinstitute.org/gsea/msigdb/cards/RAS_GUANYL_NUCLEOTIDE_EXCHANGE_FACTOR_ACTIVITY",13105,2,2,19,0,0,1,1,"",""
"CATION_BINDING","http://www.broadinstitute.org/gsea/msigdb/cards/CATION_BINDING",13105,2,2,213,0,0,1,1,"",""
"PHOSPHORUS_OXYGEN_LYASE_ACTIVITY","http://www.broadinstitute.org/gsea/msigdb/cards/PHOSPHORUS_OXYGEN_LYASE_ACTIVITY",13105,2,2,10,0,0,1,1,"",""
"SPECIFIC_RNA_POLYMERASE_II_TRANSCRIPTION_FACTOR_ACTIVITY","http://www.broadinstitute.org/gsea/msigdb/cards/SPECIFIC_RNA_POLYMERASE_II_TRANSCRIPTION_FACTOR_ACTIVITY",13105,2,2,35,0,0,1,1,"",""
"PHOSPHATE_TRANSMEMBRANE_TRANSPORTER_ACTIVITY","http://www.broadinstitute.org/gsea/msigdb/cards/PHOSPHATE_TRANSMEMBRANE_TRANSPORTER_ACTIVITY",13105,2,2,13,0,0,1,1,"",""
"SULFOTRANSFERASE_ACTIVITY","http://www.broadinstitute.org/gsea/msigdb/cards/SULFOTRANSFERASE_ACTIVITY",13105,2,2,28,0,0,1,1,"",""
"PHOSPHOTRANSFERASE_ACTIVITY_PHOSPHATE_GROUP_AS_ACCEPTOR","http://www.broadinstitute.org/gsea/msigdb/cards/PHOSPHOTRANSFERASE_ACTIVITY_PHOSPHATE_GROUP_AS_ACCEPTOR",13105,2,2,18,0,0,1,1,"",""
"SERINE_TYPE_PEPTIDASE_ACTIVITY","http://www.broadinstitute.org/gsea/msigdb/cards/SERINE_TYPE_PEPTIDASE_ACTIVITY",13105,2,2,45,0,0,1,1,"",""
"CATION_CHANNEL_ACTIVITY","http://www.broadinstitute.org/gsea/msigdb/cards/CATION_CHANNEL_ACTIVITY",13105,2,2,119,0,0,1,1,"",""
"SECONDARY_ACTIVE_TRANSMEMBRANE_TRANSPORTER_ACTIVITY","http://www.broadinstitute.org/gsea/msigdb/cards/SECONDARY_ACTIVE_TRANSMEMBRANE_TRANSPORTER_ACTIVITY",13105,2,2,47,0,0,1,1,"",""
"RAS_GTPASE_BINDING","http://www.broadinstitute.org/gsea/msigdb/cards/RAS_GTPASE_BINDING",13105,2,2,25,0,0,1,1,"",""
"DRUG_BINDING","http://www.broadinstitute.org/gsea/msigdb/cards/DRUG_BINDING",13105,2,2,16,0,0,1,1,"",""
"ATP_DEPENDENT_HELICASE_ACTIVITY","http://www.broadinstitute.org/gsea/msigdb/cards/ATP_DEPENDENT_HELICASE_ACTIVITY",13105,2,2,27,0,0,1,1,"",""
"ARYLSULFATASE_ACTIVITY","http://www.broadinstitute.org/gsea/msigdb/cards/ARYLSULFATASE_ACTIVITY",13105,2,2,12,0,0,1,1,"",""
"ZINC_ION_BINDING","http://www.broadinstitute.org/gsea/msigdb/cards/ZINC_ION_BINDING",13105,2,2,90,0,0,1,1,"",""
"PROTEIN_HOMODIMERIZATION_ACTIVITY","http://www.broadinstitute.org/gsea/msigdb/cards/PROTEIN_HOMODIMERIZATION_ACTIVITY",13105,2,2,121,0,0,1,1,"",""
"HEPARIN_BINDING","http://www.broadinstitute.org/gsea/msigdb/cards/HEPARIN_BINDING",13105,2,2,23,0,0,1,1,"",""
"RNA_POLYMERASE_II_TRANSCRIPTION_MEDIATOR_ACTIVITY","http://www.broadinstitute.org/gsea/msigdb/cards/RNA_POLYMERASE_II_TRANSCRIPTION_MEDIATOR_ACTIVITY",13105,2,2,13,0,0,1,1,"",""
"LIGASE_ACTIVITY","http://www.broadinstitute.org/gsea/msigdb/cards/LIGASE_ACTIVITY",13105,2,2,97,0,0,1,1,"",""
"CALCIUM_ION_BINDING","http://www.broadinstitute.org/gsea/msigdb/cards/CALCIUM_ION_BINDING",13105,2,2,104,0,0,1,1,"",""
"HYDROLASE_ACTIVITY_ACTING_ON_CARBON_NITROGEN_NOT_PEPTIDEBONDS","http://www.broadinstitute.org/gsea/msigdb/cards/HYDROLASE_ACTIVITY_ACTING_ON_CARBON_NITROGEN_NOT_PEPTIDEBONDS",13105,2,2,46,0,0,1,1,"",""
"CATION_TRANSPORTING_ATPASE_ACTIVITY","http://www.broadinstitute.org/gsea/msigdb/cards/CATION_TRANSPORTING_ATPASE_ACTIVITY",13105,2,2,11,0,0,1,1,"",""
"PROTEIN_TRANSPORTER_ACTIVITY","http://www.broadinstitute.org/gsea/msigdb/cards/PROTEIN_TRANSPORTER_ACTIVITY",13105,2,2,14,0,0,1,1,"",""
"OXIDOREDUCTASE_ACTIVITY_GO_0016616","http://www.broadinstitute.org/gsea/msigdb/cards/OXIDOREDUCTASE_ACTIVITY_GO_0016616",13105,2,2,58,0,0,1,1,"",""
"GTPASE_REGULATOR_ACTIVITY","http://www.broadinstitute.org/gsea/msigdb/cards/GTPASE_REGULATOR_ACTIVITY",13105,2,2,125,0,0,1,1,"",""
"METALLOPEPTIDASE_ACTIVITY","http://www.broadinstitute.org/gsea/msigdb/cards/METALLOPEPTIDASE_ACTIVITY",13105,2,2,50,0,0,1,1,"",""
"SOLUTE_SODIUM_SYMPORTER_ACTIVITY","http://www.broadinstitute.org/gsea/msigdb/cards/SOLUTE_SODIUM_SYMPORTER_ACTIVITY",13105,2,2,13,0,0,1,1,"",""
"RNA_POLYMERASE_II_TRANSCRIPTION_FACTOR_ACTIVITY","http://www.broadinstitute.org/gsea/msigdb/cards/RNA_POLYMERASE_II_TRANSCRIPTION_FACTOR_ACTIVITY",13105,2,2,182,0,0,1,1,"",""
"SODIUM_CHANNEL_ACTIVITY","http://www.broadinstitute.org/gsea/msigdb/cards/SODIUM_CHANNEL_ACTIVITY",13105,2,2,17,0,0,1,1,"",""
"RNA_SPLICING_FACTOR_ACTIVITYTRANSESTERIFICATION_MECHANISM","http://www.broadinstitute.org/gsea/msigdb/cards/RNA_SPLICING_FACTOR_ACTIVITYTRANSESTERIFICATION_MECHANISM",13105,2,2,19,0,0,1,1,"",""
"METABOTROPIC_GLUTAMATEGABA_B_LIKE_RECEPTOR_ACTIVITY","http://www.broadinstitute.org/gsea/msigdb/cards/METABOTROPIC_GLUTAMATEGABA_B_LIKE_RECEPTOR_ACTIVITY",13105,2,2,10,0,0,1,1,"",""
"AMINE_RECEPTOR_ACTIVITY","http://www.broadinstitute.org/gsea/msigdb/cards/AMINE_RECEPTOR_ACTIVITY",13105,2,2,34,0,0,1,1,"",""
"STEROL_BINDING","http://www.broadinstitute.org/gsea/msigdb/cards/STEROL_BINDING",13105,2,2,11,0,0,1,1,"",""
"VITAMIN_BINDING","http://www.broadinstitute.org/gsea/msigdb/cards/VITAMIN_BINDING",13105,2,2,12,0,0,1,1,"",""
"PURINE_NUCLEOTIDE_BINDING","http://www.broadinstitute.org/gsea/msigdb/cards/PURINE_NUCLEOTIDE_BINDING",13105,2,2,211,0,0,1,1,"",""
"SH2_DOMAIN_BINDING","http://www.broadinstitute.org/gsea/msigdb/cards/SH2_DOMAIN_BINDING",13105,2,2,15,0,0,1,1,"",""
"VOLTAGE_GATED_POTASSIUM_CHANNEL_ACTIVITY","http://www.broadinstitute.org/gsea/msigdb/cards/VOLTAGE_GATED_POTASSIUM_CHANNEL_ACTIVITY",13105,2,2,36,0,0,1,1,"",""
"SMALL_CONJUGATING_PROTEIN_SPECIFIC_PROTEASE_ACTIVITY","http://www.broadinstitute.org/gsea/msigdb/cards/SMALL_CONJUGATING_PROTEIN_SPECIFIC_PROTEASE_ACTIVITY",13105,2,2,10,0,0,1,1,"",""
"HYDROLASE_ACTIVITY_ACTING_ON_GLYCOSYL_BONDS","http://www.broadinstitute.org/gsea/msigdb/cards/HYDROLASE_ACTIVITY_ACTING_ON_GLYCOSYL_BONDS",13105,2,2,47,0,0,1,1,"",""
"ANION_CATION_SYMPORTER_ACTIVITY","http://www.broadinstitute.org/gsea/msigdb/cards/ANION_CATION_SYMPORTER_ACTIVITY",13105,2,2,16,0,0,1,1,"",""
"RECEPTOR_SIGNALING_PROTEIN_SERINE_THREONINE_KINASE_ACTIVITY","http://www.broadinstitute.org/gsea/msigdb/cards/RECEPTOR_SIGNALING_PROTEIN_SERINE_THREONINE_KINASE_ACTIVITY",13105,2,2,34,0,0,1,1,"",""
"HYDROLASE_ACTIVITY_HYDROLYZING_O_GLYCOSYL_COMPOUNDS","http://www.broadinstitute.org/gsea/msigdb/cards/HYDROLASE_ACTIVITY_HYDROLYZING_O_GLYCOSYL_COMPOUNDS",13105,2,2,37,0,0,1,1,"",""
"SINGLE_STRANDED_DNA_BINDING","http://www.broadinstitute.org/gsea/msigdb/cards/SINGLE_STRANDED_DNA_BINDING",13105,2,2,35,0,0,1,1,"",""
"INTERLEUKIN_BINDING","http://www.broadinstitute.org/gsea/msigdb/cards/INTERLEUKIN_BINDING",13105,2,2,25,0,0,1,1,"",""
"ENZYME_ACTIVATOR_ACTIVITY","http://www.broadinstitute.org/gsea/msigdb/cards/ENZYME_ACTIVATOR_ACTIVITY",13105,2,2,125,0,0,1,1,"",""
"ATPASE_ACTIVITY_COUPLED_TO_TRANSMEMBRANE_MOVEMENT_OF_IONS_PHOSPHORYLATIVE_MECHANISM","http://www.broadinstitute.org/gsea/msigdb/cards/ATPASE_ACTIVITY_COUPLED_TO_TRANSMEMBRANE_MOVEMENT_OF_IONS_PHOSPHORYLATIVE_MECHANISM",13105,2,2,20,0,0,1,1,"",""
"EXCITATORY_EXTRACELLULAR_LIGAND_GATED_ION_CHANNEL_ACTIVITY","http://www.broadinstitute.org/gsea/msigdb/cards/EXCITATORY_EXTRACELLULAR_LIGAND_GATED_ION_CHANNEL_ACTIVITY",13105,2,2,21,0,0,1,1,"",""
"LYASE_ACTIVITY","http://www.broadinstitute.org/gsea/msigdb/cards/LYASE_ACTIVITY",13105,2,2,69,0,0,1,1,"",""
"TRANSFERASE_ACTIVITY_TRANSFERRING_HEXOSYL_GROUPS","http://www.broadinstitute.org/gsea/msigdb/cards/TRANSFERASE_ACTIVITY_TRANSFERRING_HEXOSYL_GROUPS",13105,2,2,81,0,0,1,1,"",""
"MANNOSYLTRANSFERASE_ACTIVITY","http://www.broadinstitute.org/gsea/msigdb/cards/MANNOSYLTRANSFERASE_ACTIVITY",13105,2,2,10,0,0,1,1,"",""
"SH3_DOMAIN_BINDING","http://www.broadinstitute.org/gsea/msigdb/cards/SH3_DOMAIN_BINDING",13105,2,2,15,0,0,1,1,"",""
"OXIDOREDUCTASE_ACTIVITY_ACTING_ON_THE_CH_NH_GROUP_OF_DONORS","http://www.broadinstitute.org/gsea/msigdb/cards/OXIDOREDUCTASE_ACTIVITY_ACTING_ON_THE_CH_NH_GROUP_OF_DONORS",13105,2,2,10,0,0,1,1,"",""
"CARBOXY_LYASE_ACTIVITY","http://www.broadinstitute.org/gsea/msigdb/cards/CARBOXY_LYASE_ACTIVITY",13105,2,2,14,0,0,1,1,"",""
"INOSITOL_OR_PHOSPHATIDYLINOSITOL_PHOSPHODIESTERASE_ACTIVITY","http://www.broadinstitute.org/gsea/msigdb/cards/INOSITOL_OR_PHOSPHATIDYLINOSITOL_PHOSPHODIESTERASE_ACTIVITY",13105,2,2,13,0,0,1,1,"",""
"MICROTUBULE_BINDING","http://www.broadinstitute.org/gsea/msigdb/cards/MICROTUBULE_BINDING",13105,2,2,33,0,0,1,1,"",""
"MICROTUBULE_MOTOR_ACTIVITY","http://www.broadinstitute.org/gsea/msigdb/cards/MICROTUBULE_MOTOR_ACTIVITY",13105,2,2,16,0,0,1,1,"",""
"LIPOPROTEIN_BINDING","http://www.broadinstitute.org/gsea/msigdb/cards/LIPOPROTEIN_BINDING",13105,2,2,18,0,0,1,1,"",""
"OXIDOREDUCTASE_ACTIVITY_ACTING_ON_PEROXIDE_AS_ACCEPTOR","http://www.broadinstitute.org/gsea/msigdb/cards/OXIDOREDUCTASE_ACTIVITY_ACTING_ON_PEROXIDE_AS_ACCEPTOR",13105,2,2,12,0,0,1,1,"",""
"PHOSPHATASE_INHIBITOR_ACTIVITY","http://www.broadinstitute.org/gsea/msigdb/cards/PHOSPHATASE_INHIBITOR_ACTIVITY",13105,2,2,11,0,0,1,1,"",""
"NON_MEMBRANE_SPANNING_PROTEIN_TYROSINE_KINASE_ACTIVITY","http://www.broadinstitute.org/gsea/msigdb/cards/NON_MEMBRANE_SPANNING_PROTEIN_TYROSINE_KINASE_ACTIVITY",13105,2,2,11,0,0,1,1,"",""
"THIOLESTER_HYDROLASE_ACTIVITY","http://www.broadinstitute.org/gsea/msigdb/cards/THIOLESTER_HYDROLASE_ACTIVITY",13105,2,2,16,0,0,1,1,"",""
"ORGANIC_ANION_TRANSMEMBRANE_TRANSPORTER_ACTIVITY","http://www.broadinstitute.org/gsea/msigdb/cards/ORGANIC_ANION_TRANSMEMBRANE_TRANSPORTER_ACTIVITY",13105,2,2,10,0,0,1,1,"",""
"NEUROPEPTIDE_BINDING","http://www.broadinstitute.org/gsea/msigdb/cards/NEUROPEPTIDE_BINDING",13105,2,2,23,0,0,1,1,"",""
"TASTE_RECEPTOR_ACTIVITY","http://www.broadinstitute.org/gsea/msigdb/cards/TASTE_RECEPTOR_ACTIVITY",13105,2,2,15,0,0,1,1,"",""
"UDP_GLYCOSYLTRANSFERASE_ACTIVITY","http://www.broadinstitute.org/gsea/msigdb/cards/UDP_GLYCOSYLTRANSFERASE_ACTIVITY",13105,2,2,42,0,0,1,1,"",""
"PHOSPHOLIPID_BINDING","http://www.broadinstitute.org/gsea/msigdb/cards/PHOSPHOLIPID_BINDING",13105,2,2,47,0,0,1,1,"",""
"CARBONATE_DEHYDRATASE_ACTIVITY","http://www.broadinstitute.org/gsea/msigdb/cards/CARBONATE_DEHYDRATASE_ACTIVITY",13105,2,2,13,0,0,1,1,"",""
"ELECTRON_CARRIER_ACTIVITY","http://www.broadinstitute.org/gsea/msigdb/cards/ELECTRON_CARRIER_ACTIVITY",13105,2,2,78,0,0,1,1,"",""
"AMINO_ACID_TRANSMEMBRANE_TRANSPORTER_ACTIVITY","http://www.broadinstitute.org/gsea/msigdb/cards/AMINO_ACID_TRANSMEMBRANE_TRANSPORTER_ACTIVITY",13105,2,2,29,0,0,1,1,"",""
"HYDROLASE_ACTIVITY_HYDROLYZING_N_GLYCOSYL_COMPOUNDS","http://www.broadinstitute.org/gsea/msigdb/cards/HYDROLASE_ACTIVITY_HYDROLYZING_N_GLYCOSYL_COMPOUNDS",13105,2,2,10,0,0,1,1,"",""
"SMALL_CONJUGATING_PROTEIN_BINDING","http://www.broadinstitute.org/gsea/msigdb/cards/SMALL_CONJUGATING_PROTEIN_BINDING",13105,2,2,12,0,0,1,1,"",""
"LIGAND_DEPENDENT_NUCLEAR_RECEPTOR_ACTIVITY","http://www.broadinstitute.org/gsea/msigdb/cards/LIGAND_DEPENDENT_NUCLEAR_RECEPTOR_ACTIVITY",13105,2,2,25,0,0,1,1,"",""
"VOLTAGE_GATED_CHANNEL_ACTIVITY","http://www.broadinstitute.org/gsea/msigdb/cards/VOLTAGE_GATED_CHANNEL_ACTIVITY",13105,2,2,73,0,0,1,1,"",""
"HYDROLASE_ACTIVITY_ACTING_ON_ESTER_BONDS","http://www.broadinstitute.org/gsea/msigdb/cards/HYDROLASE_ACTIVITY_ACTING_ON_ESTER_BONDS",13105,2,2,269,0,0,1,1,"",""
"BETA_TUBULIN_BINDING","http://www.broadinstitute.org/gsea/msigdb/cards/BETA_TUBULIN_BINDING",13105,2,2,10,0,0,1,1,"",""
"FUCOSYLTRANSFERASE_ACTIVITY","http://www.broadinstitute.org/gsea/msigdb/cards/FUCOSYLTRANSFERASE_ACTIVITY",13105,2,2,10,0,0,1,1,"",""
"GATED_CHANNEL_ACTIVITY","http://www.broadinstitute.org/gsea/msigdb/cards/GATED_CHANNEL_ACTIVITY",13105,2,2,122,0,0,1,1,"",""
"SUGAR_TRANSMEMBRANE_TRANSPORTER_ACTIVITY","http://www.broadinstitute.org/gsea/msigdb/cards/SUGAR_TRANSMEMBRANE_TRANSPORTER_ACTIVITY",13105,2,2,11,0,0,1,1,"",""
"PROTEASE_INHIBITOR_ACTIVITY","http://www.broadinstitute.org/gsea/msigdb/cards/PROTEASE_INHIBITOR_ACTIVITY",13105,2,2,41,0,0,1,1,"",""
"PROTEIN_METHYLTRANSFERASE_ACTIVITY","http://www.broadinstitute.org/gsea/msigdb/cards/PROTEIN_METHYLTRANSFERASE_ACTIVITY",13105,2,2,14,0,0,1,1,"",""
"N_ACETYLTRANSFERASE_ACTIVITY","http://www.broadinstitute.org/gsea/msigdb/cards/N_ACETYLTRANSFERASE_ACTIVITY",13105,2,2,21,0,0,1,1,"",""
"NEUROPEPTIDE_RECEPTOR_ACTIVITY","http://www.broadinstitute.org/gsea/msigdb/cards/NEUROPEPTIDE_RECEPTOR_ACTIVITY",13105,2,2,22,0,0,1,1,"",""
"RIBONUCLEASE_ACTIVITY","http://www.broadinstitute.org/gsea/msigdb/cards/RIBONUCLEASE_ACTIVITY",13105,2,2,25,0,0,1,1,"",""
"TRANSCRIPTION_ELONGATION_REGULATOR_ACTIVITY","http://www.broadinstitute.org/gsea/msigdb/cards/TRANSCRIPTION_ELONGATION_REGULATOR_ACTIVITY",13105,2,2,12,0,0,1,1,"",""
"POLYSACCHARIDE_BINDING","http://www.broadinstitute.org/gsea/msigdb/cards/POLYSACCHARIDE_BINDING",13105,2,2,36,0,0,1,1,"",""
"CALCIUM_ION_TRANSMEMBRANE_TRANSPORTER_ACTIVITY","http://www.broadinstitute.org/gsea/msigdb/cards/CALCIUM_ION_TRANSMEMBRANE_TRANSPORTER_ACTIVITY",13105,2,2,11,0,0,1,1,"",""
"HORMONE_BINDING","http://www.broadinstitute.org/gsea/msigdb/cards/HORMONE_BINDING",13105,2,2,13,0,0,1,1,"",""
"VOLTAGE_GATED_CALCIUM_CHANNEL_ACTIVITY","http://www.broadinstitute.org/gsea/msigdb/cards/VOLTAGE_GATED_CALCIUM_CHANNEL_ACTIVITY",13105,2,2,18,0,0,1,1,"",""
"IDENTICAL_PROTEIN_BINDING","http://www.broadinstitute.org/gsea/msigdb/cards/IDENTICAL_PROTEIN_BINDING",13105,2,2,304,0,0,1,1,"",""
"TRANSFERASE_ACTIVITY_TRANSFERRING_GLYCOSYL_GROUPS","http://www.broadinstitute.org/gsea/msigdb/cards/TRANSFERASE_ACTIVITY_TRANSFERRING_GLYCOSYL_GROUPS",13105,2,2,112,0,0,1,1,"",""
"NEUTRAL_AMINO_ACID_TRANSMEMBRANE_TRANSPORTER_ACTIVITY","http://www.broadinstitute.org/gsea/msigdb/cards/NEUTRAL_AMINO_ACID_TRANSMEMBRANE_TRANSPORTER_ACTIVITY",13105,2,2,12,0,0,1,1,"",""
"ANION_TRANSMEMBRANE_TRANSPORTER_ACTIVITY","http://www.broadinstitute.org/gsea/msigdb/cards/ANION_TRANSMEMBRANE_TRANSPORTER_ACTIVITY",13105,2,2,59,0,0,1,1,"",""
"SUBSTRATE_SPECIFIC_TRANSMEMBRANE_TRANSPORTER_ACTIVITY","http://www.broadinstitute.org/gsea/msigdb/cards/SUBSTRATE_SPECIFIC_TRANSMEMBRANE_TRANSPORTER_ACTIVITY",13105,2,2,344,0,0,1,1,"",""
"STRUCTURAL_CONSTITUENT_OF_RIBOSOME","http://www.broadinstitute.org/gsea/msigdb/cards/STRUCTURAL_CONSTITUENT_OF_RIBOSOME",13105,2,2,80,0,0,1,1,"",""
"STEROID_DEHYDROGENASE_ACTIVITY_ACTING_ON_THE_CH_OH_GROUP_OF_DONORSNAD_OR_NADP_AS_ACCEPTOR","http://www.broadinstitute.org/gsea/msigdb/cards/STEROID_DEHYDROGENASE_ACTIVITY_ACTING_ON_THE_CH_OH_GROUP_OF_DONORSNAD_OR_NADP_AS_ACCEPTOR",13105,2,2,10,0,0,1,1,"",""
"PROTEIN_KINASE_ACTIVITY","http://www.broadinstitute.org/gsea/msigdb/cards/PROTEIN_KINASE_ACTIVITY",13105,2,2,285,0,0,1,1,"",""
"MOLECULAR_ADAPTOR_ACTIVITY","http://www.broadinstitute.org/gsea/msigdb/cards/MOLECULAR_ADAPTOR_ACTIVITY",13105,2,2,49,0,0,1,1,"",""
"ADENYL_RIBONUCLEOTIDE_BINDING","http://www.broadinstitute.org/gsea/msigdb/cards/ADENYL_RIBONUCLEOTIDE_BINDING",13105,2,2,163,0,0,1,1,"",""
"EXOPEPTIDASE_ACTIVITY","http://www.broadinstitute.org/gsea/msigdb/cards/EXOPEPTIDASE_ACTIVITY",13105,2,2,32,0,0,1,1,"",""
"UBIQUITIN_BINDING","http://www.broadinstitute.org/gsea/msigdb/cards/UBIQUITIN_BINDING",13105,2,2,11,0,0,1,1,"",""
"SUBSTRATE_SPECIFIC_CHANNEL_ACTIVITY","http://www.broadinstitute.org/gsea/msigdb/cards/SUBSTRATE_SPECIFIC_CHANNEL_ACTIVITY",13105,2,2,156,0,0,1,1,"",""
"ADENYL_NUCLEOTIDE_BINDING","http://www.broadinstitute.org/gsea/msigdb/cards/ADENYL_NUCLEOTIDE_BINDING",13105,2,2,169,0,0,1,1,"",""
"CYSTEINE_TYPE_PEPTIDASE_ACTIVITY","http://www.broadinstitute.org/gsea/msigdb/cards/CYSTEINE_TYPE_PEPTIDASE_ACTIVITY",13105,2,2,54,0,0,1,1,"",""
"HISTONE_DEACETYLASE_BINDING","http://www.broadinstitute.org/gsea/msigdb/cards/HISTONE_DEACETYLASE_BINDING",13105,2,2,10,0,0,1,1,"",""
"SMALL_GTPASE_REGULATOR_ACTIVITY","http://www.broadinstitute.org/gsea/msigdb/cards/SMALL_GTPASE_REGULATOR_ACTIVITY",13105,2,2,67,0,0,1,1,"",""
"SMAD_BINDING","http://www.broadinstitute.org/gsea/msigdb/cards/SMAD_BINDING",13105,2,2,12,0,0,1,1,"",""
"ANTIGEN_BINDING","http://www.broadinstitute.org/gsea/msigdb/cards/ANTIGEN_BINDING",13105,2,2,28,0,0,1,1,"",""
"COFACTOR_TRANSPORTER_ACTIVITY","http://www.broadinstitute.org/gsea/msigdb/cards/COFACTOR_TRANSPORTER_ACTIVITY",13105,2,2,10,0,0,1,1,"",""
"S_ADENOSYLMETHIONINE_DEPENDENT_METHYLTRANSFERASE_ACTIVITY","http://www.broadinstitute.org/gsea/msigdb/cards/S_ADENOSYLMETHIONINE_DEPENDENT_METHYLTRANSFERASE_ACTIVITY",13105,2,2,23,0,0,1,1,"",""
"HYDROLASE_ACTIVITY_ACTING_ON_ACID_ANHYDRIDESCATALYZING_TRANSMEMBRANE_MOVEMENT_OF_SUBSTANCES","http://www.broadinstitute.org/gsea/msigdb/cards/HYDROLASE_ACTIVITY_ACTING_ON_ACID_ANHYDRIDESCATALYZING_TRANSMEMBRANE_MOVEMENT_OF_SUBSTANCES",13105,2,2,39,0,0,1,1,"",""
"AMINE_TRANSMEMBRANE_TRANSPORTER_ACTIVITY","http://www.broadinstitute.org/gsea/msigdb/cards/AMINE_TRANSMEMBRANE_TRANSPORTER_ACTIVITY",13105,2,2,41,0,0,1,1,"",""
"CHAPERONE_BINDING","http://www.broadinstitute.org/gsea/msigdb/cards/CHAPERONE_BINDING",13105,2,2,12,0,0,1,1,"",""
"ENZYME_REGULATOR_ACTIVITY","http://www.broadinstitute.org/gsea/msigdb/cards/ENZYME_REGULATOR_ACTIVITY",13105,2,2,323,0,0,1,1,"",""
"RNA_POLYMERASE_II_TRANSCRIPTION_FACTOR_ACTIVITYENHANCER_BINDING","http://www.broadinstitute.org/gsea/msigdb/cards/RNA_POLYMERASE_II_TRANSCRIPTION_FACTOR_ACTIVITYENHANCER_BINDING",13105,2,2,14,0,0,1,1,"",""
"CYTOCHROME_C_OXIDASE_ACTIVITY","http://www.broadinstitute.org/gsea/msigdb/cards/CYTOCHROME_C_OXIDASE_ACTIVITY",13105,2,2,13,0,0,1,1,"",""
"MONOCARBOXYLIC_ACID_TRANSMEMBRANE_TRANSPORTER_ACTIVITY","http://www.broadinstitute.org/gsea/msigdb/cards/MONOCARBOXYLIC_ACID_TRANSMEMBRANE_TRANSPORTER_ACTIVITY",13105,2,2,11,0,0,1,1,"",""
"HELICASE_ACTIVITY","http://www.broadinstitute.org/gsea/msigdb/cards/HELICASE_ACTIVITY",13105,2,2,51,0,0,1,1,"",""
"OXIDOREDUCTASE_ACTIVITY","http://www.broadinstitute.org/gsea/msigdb/cards/OXIDOREDUCTASE_ACTIVITY",13105,2,2,289,0,0,1,1,"",""
"DELAYED_RECTIFIER_POTASSIUM_CHANNEL_ACTIVITY","http://www.broadinstitute.org/gsea/msigdb/cards/DELAYED_RECTIFIER_POTASSIUM_CHANNEL_ACTIVITY",13105,2,2,12,0,0,1,1,"",""
"KINASE_ACTIVITY","http://www.broadinstitute.org/gsea/msigdb/cards/KINASE_ACTIVITY",13105,2,2,369,0,0,1,1,"",""
"PHOSPHORIC_ESTER_HYDROLASE_ACTIVITY","http://www.broadinstitute.org/gsea/msigdb/cards/PHOSPHORIC_ESTER_HYDROLASE_ACTIVITY",13105,2,2,153,0,0,1,1,"",""
"SUBSTRATE_SPECIFIC_TRANSPORTER_ACTIVITY","http://www.broadinstitute.org/gsea/msigdb/cards/SUBSTRATE_SPECIFIC_TRANSPORTER_ACTIVITY",13105,2,2,392,0,0,1,1,"",""
"SPECIFIC_TRANSCRIPTIONAL_REPRESSOR_ACTIVITY","http://www.broadinstitute.org/gsea/msigdb/cards/SPECIFIC_TRANSCRIPTIONAL_REPRESSOR_ACTIVITY",13105,2,2,12,0,0,1,1,"",""
"METALLOEXOPEPTIDASE_ACTIVITY","http://www.broadinstitute.org/gsea/msigdb/cards/METALLOEXOPEPTIDASE_ACTIVITY",13105,2,2,13,0,0,1,1,"",""
"KINASE_REGULATOR_ACTIVITY","http://www.broadinstitute.org/gsea/msigdb/cards/KINASE_REGULATOR_ACTIVITY",13105,2,2,46,0,0,1,1,"",""
"OXIDOREDUCTASE_ACTIVITY_GO_0016706","http://www.broadinstitute.org/gsea/msigdb/cards/OXIDOREDUCTASE_ACTIVITY_GO_0016706",13105,2,2,10,0,0,1,1,"",""
"PEPTIDE_BINDING","http://www.broadinstitute.org/gsea/msigdb/cards/PEPTIDE_BINDING",13105,2,2,85,0,0,1,1,"",""
"ADP_BINDING","http://www.broadinstitute.org/gsea/msigdb/cards/ADP_BINDING",13105,2,2,11,0,0,1,1,"",""
"NUCLEOTIDYLTRANSFERASE_ACTIVITY","http://www.broadinstitute.org/gsea/msigdb/cards/NUCLEOTIDYLTRANSFERASE_ACTIVITY",13105,2,2,47,0,0,1,1,"",""
"CHEMOKINE_ACTIVITY","http://www.broadinstitute.org/gsea/msigdb/cards/CHEMOKINE_ACTIVITY",13105,2,2,42,0,0,1,1,"",""
"PROTEIN_N_TERMINUS_BINDING","http://www.broadinstitute.org/gsea/msigdb/cards/PROTEIN_N_TERMINUS_BINDING",13105,2,2,38,0,0,1,1,"",""
"PROTEIN_SERINE_THREONINE_KINASE_ACTIVITY","http://www.broadinstitute.org/gsea/msigdb/cards/PROTEIN_SERINE_THREONINE_KINASE_ACTIVITY",13105,2,2,205,0,0,1,1,"",""
"RNA_POLYMERASE_ACTIVITY","http://www.broadinstitute.org/gsea/msigdb/cards/RNA_POLYMERASE_ACTIVITY",13105,2,2,16,0,0,1,1,"",""
"HISTONE_ACETYLTRANSFERASE_ACTIVITY","http://www.broadinstitute.org/gsea/msigdb/cards/HISTONE_ACETYLTRANSFERASE_ACTIVITY",13105,2,2,16,0,0,1,1,"",""
"OXYGEN_BINDING","http://www.broadinstitute.org/gsea/msigdb/cards/OXYGEN_BINDING",13105,2,2,22,0,0,1,1,"",""
"RNA_BINDING","http://www.broadinstitute.org/gsea/msigdb/cards/RNA_BINDING",13105,2,2,259,0,0,1,1,"",""
"N_METHYLTRANSFERASE_ACTIVITY","http://www.broadinstitute.org/gsea/msigdb/cards/N_METHYLTRANSFERASE_ACTIVITY",13105,2,2,13,0,0,1,1,"",""
"GABA_RECEPTOR_ACTIVITY","http://www.broadinstitute.org/gsea/msigdb/cards/GABA_RECEPTOR_ACTIVITY",13105,2,2,11,0,0,1,1,"",""
"NEUROTRANSMITTER_BINDING","http://www.broadinstitute.org/gsea/msigdb/cards/NEUROTRANSMITTER_BINDING",13105,2,2,53,0,0,1,1,"",""
"3_5_CYCLIC_NUCLEOTIDE_PHOSPHODIESTERASE_ACTIVITY","http://www.broadinstitute.org/gsea/msigdb/cards/3_5_CYCLIC_NUCLEOTIDE_PHOSPHODIESTERASE_ACTIVITY",13105,2,2,13,0,0,1,1,"",""
"STEROID_HORMONE_RECEPTOR_ACTIVITY","http://www.broadinstitute.org/gsea/msigdb/cards/STEROID_HORMONE_RECEPTOR_ACTIVITY",13105,2,2,13,0,0,1,1,"",""
"NUCLEOSIDE_TRIPHOSPHATASE_ACTIVITY","http://www.broadinstitute.org/gsea/msigdb/cards/NUCLEOSIDE_TRIPHOSPHATASE_ACTIVITY",13105,2,2,212,0,0,1,1,"",""
"CARBOXYPEPTIDASE_ACTIVITY","http://www.broadinstitute.org/gsea/msigdb/cards/CARBOXYPEPTIDASE_ACTIVITY",13105,2,2,12,0,0,1,1,"",""
"NEUROTRANSMITTER_RECEPTOR_ACTIVITY","http://www.broadinstitute.org/gsea/msigdb/cards/NEUROTRANSMITTER_RECEPTOR_ACTIVITY",13105,2,2,50,0,0,1,1,"",""
"INTRAMOLECULAR_OXIDOREDUCTASE_ACTIVITY","http://www.broadinstitute.org/gsea/msigdb/cards/INTRAMOLECULAR_OXIDOREDUCTASE_ACTIVITY",13105,2,2,19,0,0,1,1,"",""
"N_ACYLTRANSFERASE_ACTIVITY","http://www.broadinstitute.org/gsea/msigdb/cards/N_ACYLTRANSFERASE_ACTIVITY",13105,2,2,24,0,0,1,1,"",""
"ANION_CHANNEL_ACTIVITY","http://www.broadinstitute.org/gsea/msigdb/cards/ANION_CHANNEL_ACTIVITY",13105,2,2,20,0,0,1,1,"",""
"PROTEIN_KINASE_INHIBITOR_ACTIVITY","http://www.broadinstitute.org/gsea/msigdb/cards/PROTEIN_KINASE_INHIBITOR_ACTIVITY",13105,2,2,24,0,0,1,1,"",""
"METHYLTRANSFERASE_ACTIVITY","http://www.broadinstitute.org/gsea/msigdb/cards/METHYLTRANSFERASE_ACTIVITY",13105,2,2,36,0,0,1,1,"",""
"PROTEIN_COMPLEX_BINDING","http://www.broadinstitute.org/gsea/msigdb/cards/PROTEIN_COMPLEX_BINDING",13105,2,2,54,0,0,1,1,"",""
"MONOSACCHARIDE_TRANSMEMBRANE_TRANSPORTER_ACTIVITY","http://www.broadinstitute.org/gsea/msigdb/cards/MONOSACCHARIDE_TRANSMEMBRANE_TRANSPORTER_ACTIVITY",13105,2,2,10,0,0,1,1,"",""
"TELOMERIC_DNA_BINDING","http://www.broadinstitute.org/gsea/msigdb/cards/TELOMERIC_DNA_BINDING",13105,2,2,10,0,0,1,1,"",""
"INSULIN_LIKE_GROWTH_FACTOR_RECEPTOR_BINDING","http://www.broadinstitute.org/gsea/msigdb/cards/INSULIN_LIKE_GROWTH_FACTOR_RECEPTOR_BINDING",13105,2,2,10,0,0,1,1,"",""
"PROTEIN_TYROSINE_KINASE_ACTIVITY","http://www.broadinstitute.org/gsea/msigdb/cards/PROTEIN_TYROSINE_KINASE_ACTIVITY",13105,2,2,63,0,0,1,1,"",""
"PROTEIN_SERINE_THREONINE_PHOSPHATASE_ACTIVITY","http://www.broadinstitute.org/gsea/msigdb/cards/PROTEIN_SERINE_THREONINE_PHOSPHATASE_ACTIVITY",13105,2,2,24,0,0,1,1,"",""
"CARBON_OXYGEN_LYASE_ACTIVITY","http://www.broadinstitute.org/gsea/msigdb/cards/CARBON_OXYGEN_LYASE_ACTIVITY",13105,2,2,31,0,0,1,1,"",""
"ACETYLGALACTOSAMINYLTRANSFERASE_ACTIVITY","http://www.broadinstitute.org/gsea/msigdb/cards/ACETYLGALACTOSAMINYLTRANSFERASE_ACTIVITY",13105,2,2,12,0,0,1,1,"",""
"SULFURIC_ESTER_HYDROLASE_ACTIVITY","http://www.broadinstitute.org/gsea/msigdb/cards/SULFURIC_ESTER_HYDROLASE_ACTIVITY",13105,2,2,16,0,0,1,1,"",""
"TRANSCRIPTION_COACTIVATOR_ACTIVITY","http://www.broadinstitute.org/gsea/msigdb/cards/TRANSCRIPTION_COACTIVATOR_ACTIVITY",13105,2,2,123,0,0,1,1,"",""
"ATPASE_ACTIVITY_COUPLED_TO_TRANSMEMBRANE_MOVEMENT_OF_IONS","http://www.broadinstitute.org/gsea/msigdb/cards/ATPASE_ACTIVITY_COUPLED_TO_TRANSMEMBRANE_MOVEMENT_OF_IONS",13105,2,2,24,0,0,1,1,"",""
"ATP_DEPENDENT_RNA_HELICASE_ACTIVITY","http://www.broadinstitute.org/gsea/msigdb/cards/ATP_DEPENDENT_RNA_HELICASE_ACTIVITY",13105,2,2,17,0,0,1,1,"",""
"ACETYLTRANSFERASE_ACTIVITY","http://www.broadinstitute.org/gsea/msigdb/cards/ACETYLTRANSFERASE_ACTIVITY",13105,2,2,25,0,0,1,1,"",""
"CARBOHYDRATE_TRANSMEMBRANE_TRANSPORTER_ACTIVITY","http://www.broadinstitute.org/gsea/msigdb/cards/CARBOHYDRATE_TRANSMEMBRANE_TRANSPORTER_ACTIVITY",13105,2,2,16,0,0,1,1,"",""
"POTASSIUM_CHANNEL_ACTIVITY","http://www.broadinstitute.org/gsea/msigdb/cards/POTASSIUM_CHANNEL_ACTIVITY",13105,2,2,50,0,0,1,1,"",""
"CHEMOKINE_RECEPTOR_BINDING","http://www.broadinstitute.org/gsea/msigdb/cards/CHEMOKINE_RECEPTOR_BINDING",13105,2,2,43,0,0,1,1,"",""
"MONOOXYGENASE_ACTIVITY","http://www.broadinstitute.org/gsea/msigdb/cards/MONOOXYGENASE_ACTIVITY",13105,2,2,31,0,0,1,1,"",""
"RHODOPSIN_LIKE_RECEPTOR_ACTIVITY","http://www.broadinstitute.org/gsea/msigdb/cards/RHODOPSIN_LIKE_RECEPTOR_ACTIVITY",13105,2,2,134,0,0,1,1,"",""
"KINASE_INHIBITOR_ACTIVITY","http://www.broadinstitute.org/gsea/msigdb/cards/KINASE_INHIBITOR_ACTIVITY",13105,2,2,25,0,0,1,1,"",""
"TRANSCRIPTION_COREPRESSOR_ACTIVITY","http://www.broadinstitute.org/gsea/msigdb/cards/TRANSCRIPTION_COREPRESSOR_ACTIVITY",13105,2,2,94,0,0,1,1,"",""
"PEPTIDE_RECEPTOR_ACTIVITY","http://www.broadinstitute.org/gsea/msigdb/cards/PEPTIDE_RECEPTOR_ACTIVITY",13105,2,2,53,0,0,1,1,"",""
"DEOXYRIBONUCLEASE_ACTIVITY","http://www.broadinstitute.org/gsea/msigdb/cards/DEOXYRIBONUCLEASE_ACTIVITY",13105,2,2,22,0,0,1,1,"",""
"PHOSPHOINOSITIDE_BINDING","http://www.broadinstitute.org/gsea/msigdb/cards/PHOSPHOINOSITIDE_BINDING",13105,2,2,20,0,0,1,1,"",""
"HYDROLASE_ACTIVITY_ACTING_ON_CARBON_NITROGEN_NOT_PEPTIDEBONDSIN_CYCLIC_AMIDINES","http://www.broadinstitute.org/gsea/msigdb/cards/HYDROLASE_ACTIVITY_ACTING_ON_CARBON_NITROGEN_NOT_PEPTIDEBONDSIN_CYCLIC_AMIDINES",13105,2,2,16,0,0,1,1,"",""
"ATPASE_ACTIVITY_COUPLED","http://www.broadinstitute.org/gsea/msigdb/cards/ATPASE_ACTIVITY_COUPLED",13105,2,2,93,0,0,1,1,"",""
"G_PROTEIN_COUPLED_RECEPTOR_ACTIVITY","http://www.broadinstitute.org/gsea/msigdb/cards/G_PROTEIN_COUPLED_RECEPTOR_ACTIVITY",13105,2,2,191,0,0,1,1,"",""
"TRANSCRIPTION_ACTIVATOR_ACTIVITY","http://www.broadinstitute.org/gsea/msigdb/cards/TRANSCRIPTION_ACTIVATOR_ACTIVITY",13105,2,2,173,0,0,1,1,"",""
"COFACTOR_BINDING","http://www.broadinstitute.org/gsea/msigdb/cards/COFACTOR_BINDING",13105,2,2,22,0,0,1,1,"",""
"TRANSLATION_FACTOR_ACTIVITY_NUCLEIC_ACID_BINDING","http://www.broadinstitute.org/gsea/msigdb/cards/TRANSLATION_FACTOR_ACTIVITY_NUCLEIC_ACID_BINDING",13105,2,2,39,0,0,1,1,"",""
"NEUROPEPTIDE_HORMONE_ACTIVITY","http://www.broadinstitute.org/gsea/msigdb/cards/NEUROPEPTIDE_HORMONE_ACTIVITY",13105,2,2,12,0,0,1,1,"",""
"ENDORIBONUCLEASE_ACTIVITY","http://www.broadinstitute.org/gsea/msigdb/cards/ENDORIBONUCLEASE_ACTIVITY",13105,2,2,13,0,0,1,1,"",""
"VOLTAGE_GATED_CATION_CHANNEL_ACTIVITY","http://www.broadinstitute.org/gsea/msigdb/cards/VOLTAGE_GATED_CATION_CHANNEL_ACTIVITY",13105,2,2,66,0,0,1,1,"",""
"DNA_POLYMERASE_ACTIVITY","http://www.broadinstitute.org/gsea/msigdb/cards/DNA_POLYMERASE_ACTIVITY",13105,2,2,18,0,0,1,1,"",""
"ACTIN_BINDING","http://www.broadinstitute.org/gsea/msigdb/cards/ACTIN_BINDING",13105,2,2,76,0,0,1,1,"",""
"ION_BINDING","http://www.broadinstitute.org/gsea/msigdb/cards/ION_BINDING",13105,2,2,273,0,0,1,1,"",""
"3_5_EXONUCLEASE_ACTIVITY","http://www.broadinstitute.org/gsea/msigdb/cards/3_5_EXONUCLEASE_ACTIVITY",13105,2,2,13,0,0,1,1,"",""
"TRANSCRIPTION_REPRESSOR_ACTIVITY","http://www.broadinstitute.org/gsea/msigdb/cards/TRANSCRIPTION_REPRESSOR_ACTIVITY",13105,2,2,152,0,0,1,1,"",""
"TRANSFERASE_ACTIVITY_TRANSFERRING_ALKYL_OR_ARYLOTHER_THAN_METHYLGROUPS","http://www.broadinstitute.org/gsea/msigdb/cards/TRANSFERASE_ACTIVITY_TRANSFERRING_ALKYL_OR_ARYLOTHER_THAN_METHYLGROUPS",13105,2,2,30,0,0,1,1,"",""
"COLLAGEN_BINDING","http://www.broadinstitute.org/gsea/msigdb/cards/COLLAGEN_BINDING",13105,2,2,14,0,0,1,1,"",""
"SEQUENCE_SPECIFIC_DNA_BINDING","http://www.broadinstitute.org/gsea/msigdb/cards/SEQUENCE_SPECIFIC_DNA_BINDING",13105,2,2,58,0,0,1,1,"",""
"CYCLIC_NUCLEOTIDE_PHOSPHODIESTERASE_ACTIVITY","http://www.broadinstitute.org/gsea/msigdb/cards/CYCLIC_NUCLEOTIDE_PHOSPHODIESTERASE_ACTIVITY",13105,2,2,14,0,0,1,1,"",""
"NUCLEAR_HORMONE_RECEPTOR_BINDING","http://www.broadinstitute.org/gsea/msigdb/cards/NUCLEAR_HORMONE_RECEPTOR_BINDING",13105,2,2,28,0,0,1,1,"",""
"KINASE_ACTIVATOR_ACTIVITY","http://www.broadinstitute.org/gsea/msigdb/cards/KINASE_ACTIVATOR_ACTIVITY",13105,2,2,12,0,0,1,1,"",""
"PROTEIN_DEACETYLASE_ACTIVITY","http://www.broadinstitute.org/gsea/msigdb/cards/PROTEIN_DEACETYLASE_ACTIVITY",13105,2,2,10,0,0,1,1,"",""
"GUANYL_NUCLEOTIDE_BINDING","http://www.broadinstitute.org/gsea/msigdb/cards/GUANYL_NUCLEOTIDE_BINDING",13105,2,2,47,0,0,1,1,"",""
"DEAMINASE_ACTIVITY","http://www.broadinstitute.org/gsea/msigdb/cards/DEAMINASE_ACTIVITY",13105,2,2,14,0,0,1,1,"",""
"DNA_DIRECTED_DNA_POLYMERASE_ACTIVITY","http://www.broadinstitute.org/gsea/msigdb/cards/DNA_DIRECTED_DNA_POLYMERASE_ACTIVITY",13105,2,2,14,0,0,1,1,"",""
"ENZYME_INHIBITOR_ACTIVITY","http://www.broadinstitute.org/gsea/msigdb/cards/ENZYME_INHIBITOR_ACTIVITY",13105,2,2,119,0,0,1,1,"",""
"TUBULIN_BINDING","http://www.broadinstitute.org/gsea/msigdb/cards/TUBULIN_BINDING",13105,2,2,47,0,0,1,1,"",""
"PRIMARY_ACTIVE_TRANSMEMBRANE_TRANSPORTER_ACTIVITY","http://www.broadinstitute.org/gsea/msigdb/cards/PRIMARY_ACTIVE_TRANSMEMBRANE_TRANSPORTER_ACTIVITY",13105,2,2,40,0,0,1,1,"",""
"PHOSPHORIC_DIESTER_HYDROLASE_ACTIVITY","http://www.broadinstitute.org/gsea/msigdb/cards/PHOSPHORIC_DIESTER_HYDROLASE_ACTIVITY",13105,2,2,40,0,0,1,1,"",""
"RNA_DEPENDENT_ATPASE_ACTIVITY","http://www.broadinstitute.org/gsea/msigdb/cards/RNA_DEPENDENT_ATPASE_ACTIVITY",13105,2,2,18,0,0,1,1,"",""
"INOSITOL_OR_PHOSPHATIDYLINOSITOL_PHOSPHATASE_ACTIVITY","http://www.broadinstitute.org/gsea/msigdb/cards/INOSITOL_OR_PHOSPHATIDYLINOSITOL_PHOSPHATASE_ACTIVITY",13105,2,2,12,0,0,1,1,"",""
"NUCLEOBASENUCLEOSIDENUCLEOTIDE_AND_NUCLEIC_ACID_TRANSMEMBRANE_TRANSPORTER_ACTIVITY","http://www.broadinstitute.org/gsea/msigdb/cards/NUCLEOBASENUCLEOSIDENUCLEOTIDE_AND_NUCLEIC_ACID_TRANSMEMBRANE_TRANSPORTER_ACTIVITY",13105,2,2,10,0,0,1,1,"",""
"LIPID_KINASE_ACTIVITY","http://www.broadinstitute.org/gsea/msigdb/cards/LIPID_KINASE_ACTIVITY",13105,2,2,12,0,0,1,1,"",""
"ENDOPEPTIDASE_ACTIVITY","http://www.broadinstitute.org/gsea/msigdb/cards/ENDOPEPTIDASE_ACTIVITY",13105,2,2,117,0,0,1,1,"",""
"MAGNESIUM_ION_BINDING","http://www.broadinstitute.org/gsea/msigdb/cards/MAGNESIUM_ION_BINDING",13105,2,2,62,0,0,1,1,"",""
"STRUCTURAL_MOLECULE_ACTIVITY","http://www.broadinstitute.org/gsea/msigdb/cards/STRUCTURAL_MOLECULE_ACTIVITY",13105,2,2,244,0,0,1,1,"",""
"SIALYLTRANSFERASE_ACTIVITY","http://www.broadinstitute.org/gsea/msigdb/cards/SIALYLTRANSFERASE_ACTIVITY",13105,2,2,10,0,0,1,1,"",""
"DOUBLE_STRANDED_RNA_BINDING","http://www.broadinstitute.org/gsea/msigdb/cards/DOUBLE_STRANDED_RNA_BINDING",13105,2,2,17,0,0,1,1,"",""
"IONOTROPIC_GLUTAMATE_RECEPTOR_ACTIVITY","http://www.broadinstitute.org/gsea/msigdb/cards/IONOTROPIC_GLUTAMATE_RECEPTOR_ACTIVITY",13105,2,2,10,0,0,1,1,"",""
"ACETYLGLUCOSAMINYLTRANSFERASE_ACTIVITY","http://www.broadinstitute.org/gsea/msigdb/cards/ACETYLGLUCOSAMINYLTRANSFERASE_ACTIVITY",13105,2,2,16,0,0,1,1,"",""
"RECEPTOR_BINDING","http://www.broadinstitute.org/gsea/msigdb/cards/RECEPTOR_BINDING",13105,2,2,377,0,0,1,1,"",""
"SERINE_HYDROLASE_ACTIVITY","http://www.broadinstitute.org/gsea/msigdb/cards/SERINE_HYDROLASE_ACTIVITY",13105,2,2,46,0,0,1,1,"",""
"NF_KAPPAB_BINDING","http://www.broadinstitute.org/gsea/msigdb/cards/NF_KAPPAB_BINDING",13105,2,2,11,0,0,1,1,"",""
"RECEPTOR_SIGNALING_PROTEIN_ACTIVITY","http://www.broadinstitute.org/gsea/msigdb/cards/RECEPTOR_SIGNALING_PROTEIN_ACTIVITY",13105,2,2,82,0,0,1,1,"",""
"CARBON_CARBON_LYASE_ACTIVITY","http://www.broadinstitute.org/gsea/msigdb/cards/CARBON_CARBON_LYASE_ACTIVITY",13105,2,2,18,0,0,1,1,"",""
"LIGASE_ACTIVITY_FORMING_CARBON_OXYGEN_BONDS","http://www.broadinstitute.org/gsea/msigdb/cards/LIGASE_ACTIVITY_FORMING_CARBON_OXYGEN_BONDS",13105,2,2,14,0,0,1,1,"",""
"PROTEIN_BINDING_BRIDGING","http://www.broadinstitute.org/gsea/msigdb/cards/PROTEIN_BINDING_BRIDGING",13105,2,2,59,0,0,1,1,"",""
"RECEPTOR_ACTIVITY","http://www.broadinstitute.org/gsea/msigdb/cards/RECEPTOR_ACTIVITY",13105,2,2,583,0,0,1,1,"",""
"DEACETYLASE_ACTIVITY","http://www.broadinstitute.org/gsea/msigdb/cards/DEACETYLASE_ACTIVITY",13105,2,2,11,0,0,1,1,"",""
"TRANSMEMBRANE_RECEPTOR_ACTIVITY","http://www.broadinstitute.org/gsea/msigdb/cards/TRANSMEMBRANE_RECEPTOR_ACTIVITY",13105,2,2,418,0,0,1,1,"",""
"VOLTAGE_GATED_SODIUM_CHANNEL_ACTIVITY","http://www.broadinstitute.org/gsea/msigdb/cards/VOLTAGE_GATED_SODIUM_CHANNEL_ACTIVITY",13105,2,2,11,0,0,1,1,"",""
"PROTEIN_KINASE_REGULATOR_ACTIVITY","http://www.broadinstitute.org/gsea/msigdb/cards/PROTEIN_KINASE_REGULATOR_ACTIVITY",13105,2,2,39,0,0,1,1,"",""
"PHOSPHOLIPASE_C_ACTIVITY","http://www.broadinstitute.org/gsea/msigdb/cards/PHOSPHOLIPASE_C_ACTIVITY",13105,2,2,15,0,0,1,1,"",""
"LIGAND_GATED_CHANNEL_ACTIVITY","http://www.broadinstitute.org/gsea/msigdb/cards/LIGAND_GATED_CHANNEL_ACTIVITY",13105,2,2,40,0,0,1,1,"",""
"RHO_GUANYL_NUCLEOTIDE_EXCHANGE_FACTOR_ACTIVITY","http://www.broadinstitute.org/gsea/msigdb/cards/RHO_GUANYL_NUCLEOTIDE_EXCHANGE_FACTOR_ACTIVITY",13105,2,2,12,0,0,1,1,"",""
"DOUBLE_STRANDED_DNA_BINDING","http://www.broadinstitute.org/gsea/msigdb/cards/DOUBLE_STRANDED_DNA_BINDING",13105,2,2,32,0,0,1,1,"",""
"SMALL_GTPASE_BINDING","http://www.broadinstitute.org/gsea/msigdb/cards/SMALL_GTPASE_BINDING",13105,2,2,33,0,0,1,1,"",""
"PATTERN_RECOGNITION_RECEPTOR_ACTIVITY","http://www.broadinstitute.org/gsea/msigdb/cards/PATTERN_RECOGNITION_RECEPTOR_ACTIVITY",13105,2,2,10,0,0,1,1,"",""
"OXIDOREDUCTASE_ACTIVITY_ACTING_ON_THE_CH_CH_GROUP_OF_DONORS","http://www.broadinstitute.org/gsea/msigdb/cards/OXIDOREDUCTASE_ACTIVITY_ACTING_ON_THE_CH_CH_GROUP_OF_DONORS",13105,2,2,23,0,0,1,1,"",""
"ATP_DEPENDENT_DNA_HELICASE_ACTIVITY","http://www.broadinstitute.org/gsea/msigdb/cards/ATP_DEPENDENT_DNA_HELICASE_ACTIVITY",13105,2,2,11,0,0,1,1,"",""
"TRANSCRIPTION_FACTOR_ACTIVITY","http://www.broadinstitute.org/gsea/msigdb/cards/TRANSCRIPTION_FACTOR_ACTIVITY",13105,2,2,354,0,0,1,1,"",""
"ENDONUCLEASE_ACTIVITY","http://www.broadinstitute.org/gsea/msigdb/cards/ENDONUCLEASE_ACTIVITY",13105,2,2,25,0,0,1,1,"",""
"PDZ_DOMAIN_BINDING","http://www.broadinstitute.org/gsea/msigdb/cards/PDZ_DOMAIN_BINDING",13105,2,2,14,0,0,1,1,"",""
"TRANSMEMBRANE_RECEPTOR_PROTEIN_PHOSPHATASE_ACTIVITY","http://www.broadinstitute.org/gsea/msigdb/cards/TRANSMEMBRANE_RECEPTOR_PROTEIN_PHOSPHATASE_ACTIVITY",13105,2,2,19,0,0,1,1,"",""
"EXONUCLEASE_ACTIVITY","http://www.broadinstitute.org/gsea/msigdb/cards/EXONUCLEASE_ACTIVITY",13105,2,2,19,0,0,1,1,"",""
"ACTIN_FILAMENT_BINDING","http://www.broadinstitute.org/gsea/msigdb/cards/ACTIN_FILAMENT_BINDING",13105,2,2,25,0,0,1,1,"",""
"CALCIUM_CHANNEL_ACTIVITY","http://www.broadinstitute.org/gsea/msigdb/cards/CALCIUM_CHANNEL_ACTIVITY",13105,2,2,33,0,0,1,1,"",""
"ACETYLCHOLINE_BINDING","http://www.broadinstitute.org/gsea/msigdb/cards/ACETYLCHOLINE_BINDING",13105,2,2,17,0,0,1,1,"",""
"STRUCTURE_SPECIFIC_DNA_BINDING","http://www.broadinstitute.org/gsea/msigdb/cards/STRUCTURE_SPECIFIC_DNA_BINDING",13105,2,2,56,0,0,1,1,"",""
"CYTOSKELETAL_PROTEIN_BINDING","http://www.broadinstitute.org/gsea/msigdb/cards/CYTOSKELETAL_PROTEIN_BINDING",13105,2,2,159,0,0,1,1,"",""
"DNA_DEPENDENT_ATPASE_ACTIVITY","http://www.broadinstitute.org/gsea/msigdb/cards/DNA_DEPENDENT_ATPASE_ACTIVITY",13105,2,2,22,0,0,1,1,"",""
"AUXILIARY_TRANSPORT_PROTEIN_ACTIVITY","http://www.broadinstitute.org/gsea/msigdb/cards/AUXILIARY_TRANSPORT_PROTEIN_ACTIVITY",13105,2,2,26,0,0,1,1,"",""
"POTASSIUM_CHANNEL_REGULATOR_ACTIVITY","http://www.broadinstitute.org/gsea/msigdb/cards/POTASSIUM_CHANNEL_REGULATOR_ACTIVITY",13105,2,2,14,0,0,1,1,"",""
"PHOSPHOLIPASE_A2_ACTIVITY","http://www.broadinstitute.org/gsea/msigdb/cards/PHOSPHOLIPASE_A2_ACTIVITY",13105,2,2,13,0,0,1,1,"",""
"MOTOR_ACTIVITY","http://www.broadinstitute.org/gsea/msigdb/cards/MOTOR_ACTIVITY",13105,2,2,28,0,0,1,1,"",""
"NUCLEOTIDE_KINASE_ACTIVITY","http://www.broadinstitute.org/gsea/msigdb/cards/NUCLEOTIDE_KINASE_ACTIVITY",13105,2,2,13,0,0,1,1,"",""
"AMINOPEPTIDASE_ACTIVITY","http://www.broadinstitute.org/gsea/msigdb/cards/AMINOPEPTIDASE_ACTIVITY",13105,2,2,14,0,0,1,1,"",""
"STEROID_BINDING","http://www.broadinstitute.org/gsea/msigdb/cards/STEROID_BINDING",13105,2,2,18,0,0,1,1,"",""
"STEROID_HORMONE_RECEPTOR_BINDING","http://www.broadinstitute.org/gsea/msigdb/cards/STEROID_HORMONE_RECEPTOR_BINDING",13105,2,2,10,0,0,1,1,"",""
"PHOSPHOPROTEIN_PHOSPHATASE_ACTIVITY","http://www.broadinstitute.org/gsea/msigdb/cards/PHOSPHOPROTEIN_PHOSPHATASE_ACTIVITY",13105,2,2,81,0,0,1,1,"",""
"EXTRACELLULAR_LIGAND_GATED_ION_CHANNEL_ACTIVITY","http://www.broadinstitute.org/gsea/msigdb/cards/EXTRACELLULAR_LIGAND_GATED_ION_CHANNEL_ACTIVITY",13105,2,2,22,0,0,1,1,"",""
"HORMONE_ACTIVITY","http://www.broadinstitute.org/gsea/msigdb/cards/HORMONE_ACTIVITY",13105,2,2,44,0,0,1,1,"",""
"SERINE_TYPE_ENDOPEPTIDASE_INHIBITOR_ACTIVITY","http://www.broadinstitute.org/gsea/msigdb/cards/SERINE_TYPE_ENDOPEPTIDASE_INHIBITOR_ACTIVITY",13105,2,2,25,0,0,1,1,"",""
"PROTEIN_SERINE_THREONINE_TYROSINE_KINASE_ACTIVITY","http://www.broadinstitute.org/gsea/msigdb/cards/PROTEIN_SERINE_THREONINE_TYROSINE_KINASE_ACTIVITY",13105,2,2,10,0,0,1,1,"",""
"TRANSFERASE_ACTIVITY_TRANSFERRING_ONE_CARBON_GROUPS","http://www.broadinstitute.org/gsea/msigdb/cards/TRANSFERASE_ACTIVITY_TRANSFERRING_ONE_CARBON_GROUPS",13105,2,2,37,0,0,1,1,"",""
"OXIDOREDUCTASE_ACTIVITY_ACTING_ON_NADH_OR_NADPH","http://www.broadinstitute.org/gsea/msigdb/cards/OXIDOREDUCTASE_ACTIVITY_ACTING_ON_NADH_OR_NADPH",13105,2,2,25,0,0,1,1,"",""
"CARBOHYDRATE_KINASE_ACTIVITY","http://www.broadinstitute.org/gsea/msigdb/cards/CARBOHYDRATE_KINASE_ACTIVITY",13105,2,2,15,0,0,1,1,"",""
"CHLORIDE_CHANNEL_ACTIVITY","http://www.broadinstitute.org/gsea/msigdb/cards/CHLORIDE_CHANNEL_ACTIVITY",13105,2,2,19,0,0,1,1,"",""
"HEMATOPOIETIN_INTERFERON_CLASSD200_DOMAIN_CYTOKINE_RECEPTOR_ACTIVITY","http://www.broadinstitute.org/gsea/msigdb/cards/HEMATOPOIETIN_INTERFERON_CLASSD200_DOMAIN_CYTOKINE_RECEPTOR_ACTIVITY",13105,2,2,33,0,0,1,1,"",""
"CARBOXYLESTERASE_ACTIVITY","http://www.broadinstitute.org/gsea/msigdb/cards/CARBOXYLESTERASE_ACTIVITY",13105,2,2,33,0,0,1,1,"",""
"RHO_GTPASE_ACTIVATOR_ACTIVITY","http://www.broadinstitute.org/gsea/msigdb/cards/RHO_GTPASE_ACTIVATOR_ACTIVITY",13105,2,2,19,0,0,1,1,"",""
"STRUCTURAL_CONSTITUENT_OF_CYTOSKELETON","http://www.broadinstitute.org/gsea/msigdb/cards/STRUCTURAL_CONSTITUENT_OF_CYTOSKELETON",13105,2,2,57,0,0,1,1,"",""
"PATTERN_BINDING","http://www.broadinstitute.org/gsea/msigdb/cards/PATTERN_BINDING",13105,2,2,45,0,0,1,1,"",""
"INTERLEUKIN_RECEPTOR_ACTIVITY","http://www.broadinstitute.org/gsea/msigdb/cards/INTERLEUKIN_RECEPTOR_ACTIVITY",13105,2,2,20,0,0,1,1,"",""
"TRANSCRIPTION_FACTOR_BINDING","http://www.broadinstitute.org/gsea/msigdb/cards/TRANSCRIPTION_FACTOR_BINDING",13105,2,2,307,0,0,1,1,"",""
"PROTEIN_KINASE_BINDING","http://www.broadinstitute.org/gsea/msigdb/cards/PROTEIN_KINASE_BINDING",13105,2,2,62,0,0,1,1,"",""
"TRANSMEMBRANE_RECEPTOR_PROTEIN_TYROSINE_KINASE_ACTIVITY","http://www.broadinstitute.org/gsea/msigdb/cards/TRANSMEMBRANE_RECEPTOR_PROTEIN_TYROSINE_KINASE_ACTIVITY",13105,2,2,43,0,0,1,1,"",""
"PHOSPHOLIPASE_ACTIVITY","http://www.broadinstitute.org/gsea/msigdb/cards/PHOSPHOLIPASE_ACTIVITY",13105,2,2,42,0,0,1,1,"",""
"PROTEIN_HETERODIMERIZATION_ACTIVITY","http://www.broadinstitute.org/gsea/msigdb/cards/PROTEIN_HETERODIMERIZATION_ACTIVITY",13105,2,2,77,0,0,1,1,"",""
"OXIDOREDUCTASE_ACTIVITY_ACTING_ON_THE_ALDEHYDE_OR_OXO_GROUP_OF_DONORS","http://www.broadinstitute.org/gsea/msigdb/cards/OXIDOREDUCTASE_ACTIVITY_ACTING_ON_THE_ALDEHYDE_OR_OXO_GROUP_OF_DONORS",13105,2,2,22,0,0,1,1,"",""
"ATPASE_ACTIVITY","http://www.broadinstitute.org/gsea/msigdb/cards/ATPASE_ACTIVITY",13105,2,2,112,0,0,1,1,"",""
"METAL_ION_TRANSMEMBRANE_TRANSPORTER_ACTIVITY","http://www.broadinstitute.org/gsea/msigdb/cards/METAL_ION_TRANSMEMBRANE_TRANSPORTER_ACTIVITY",13105,2,2,147,0,0,1,1,"",""
"HYDROGEN_ION_TRANSMEMBRANE_TRANSPORTER_ACTIVITY","http://www.broadinstitute.org/gsea/msigdb/cards/HYDROGEN_ION_TRANSMEMBRANE_TRANSPORTER_ACTIVITY",13105,2,2,27,0,0,1,1,"",""
"PROTEIN_C_TERMINUS_BINDING","http://www.broadinstitute.org/gsea/msigdb/cards/PROTEIN_C_TERMINUS_BINDING",13105,2,2,73,0,0,1,1,"",""
"GTPASE_ACTIVITY","http://www.broadinstitute.org/gsea/msigdb/cards/GTPASE_ACTIVITY",13105,2,2,99,0,0,1,1,"",""
"INORGANIC_CATION_TRANSMEMBRANE_TRANSPORTER_ACTIVITY","http://www.broadinstitute.org/gsea/msigdb/cards/INORGANIC_CATION_TRANSMEMBRANE_TRANSPORTER_ACTIVITY",13105,2,2,58,0,0,1,1,"",""
"TRANSFERASE_ACTIVITY_TRANSFERRING_PHOSPHORUS_CONTAINING_GROUPS","http://www.broadinstitute.org/gsea/msigdb/cards/TRANSFERASE_ACTIVITY_TRANSFERRING_PHOSPHORUS_CONTAINING_GROUPS",13105,2,2,424,0,0,1,1,"",""
"NUCLEOBASENUCLEOSIDENUCLEOTIDE_KINASE_ACTIVITY","http://www.broadinstitute.org/gsea/msigdb/cards/NUCLEOBASENUCLEOSIDENUCLEOTIDE_KINASE_ACTIVITY",13105,2,2,25,0,0,1,1,"",""
"GTPASE_ACTIVATOR_ACTIVITY","http://www.broadinstitute.org/gsea/msigdb/cards/GTPASE_ACTIVATOR_ACTIVITY",13105,2,2,60,0,0,1,1,"",""
"PEPTIDASE_ACTIVITY","http://www.broadinstitute.org/gsea/msigdb/cards/PEPTIDASE_ACTIVITY",13105,2,2,176,0,0,1,1,"",""
"ION_CHANNEL_ACTIVITY","http://www.broadinstitute.org/gsea/msigdb/cards/ION_CHANNEL_ACTIVITY",13105,2,2,149,0,0,1,1,"",""
"SMALL_PROTEIN_CONJUGATING_ENZYME_ACTIVITY","http://www.broadinstitute.org/gsea/msigdb/cards/SMALL_PROTEIN_CONJUGATING_ENZYME_ACTIVITY",13105,2,2,52,0,0,1,1,"",""
"CYSTEINE_TYPE_ENDOPEPTIDASE_ACTIVITY","http://www.broadinstitute.org/gsea/msigdb/cards/CYSTEINE_TYPE_ENDOPEPTIDASE_ACTIVITY",13105,2,2,40,0,0,1,1,"",""
"PROTEIN_DIMERIZATION_ACTIVITY","http://www.broadinstitute.org/gsea/msigdb/cards/PROTEIN_DIMERIZATION_ACTIVITY",13105,2,2,182,0,0,1,1,"",""
"CHANNEL_REGULATOR_ACTIVITY","http://www.broadinstitute.org/gsea/msigdb/cards/CHANNEL_REGULATOR_ACTIVITY",13105,2,2,24,0,0,1,1,"",""
"TRANSFERASE_ACTIVITY_TRANSFERRING_PENTOSYL_GROUPS","http://www.broadinstitute.org/gsea/msigdb/cards/TRANSFERASE_ACTIVITY_TRANSFERRING_PENTOSYL_GROUPS",13105,2,2,20,0,0,1,1,"",""
"SIGNAL_SEQUENCE_BINDING","http://www.broadinstitute.org/gsea/msigdb/cards/SIGNAL_SEQUENCE_BINDING",13105,2,2,15,0,0,1,1,"",""
"MONOVALENT_INORGANIC_CATION_TRANSMEMBRANE_TRANSPORTER_ACTIVITY","http://www.broadinstitute.org/gsea/msigdb/cards/MONOVALENT_INORGANIC_CATION_TRANSMEMBRANE_TRANSPORTER_ACTIVITY",13105,2,2,34,0,0,1,1,"",""
"STRUCTURAL_CONSTITUENT_OF_MUSCLE","http://www.broadinstitute.org/gsea/msigdb/cards/STRUCTURAL_CONSTITUENT_OF_MUSCLE",13105,2,2,33,0,0,1,1,"",""
"L_AMINO_ACID_TRANSMEMBRANE_TRANSPORTER_ACTIVITY","http://www.broadinstitute.org/gsea/msigdb/cards/L_AMINO_ACID_TRANSMEMBRANE_TRANSPORTER_ACTIVITY",13105,2,2,17,0,0,1,1,"",""
"PROTEIN_PHOSPHATASE_BINDING","http://www.broadinstitute.org/gsea/msigdb/cards/PROTEIN_PHOSPHATASE_BINDING",13105,2,2,10,0,0,1,1,"",""
"OXIDOREDUCTASE_ACTIVITY_ACTING_ON_CH_OH_GROUP_OF_DONORS","http://www.broadinstitute.org/gsea/msigdb/cards/OXIDOREDUCTASE_ACTIVITY_ACTING_ON_CH_OH_GROUP_OF_DONORS",13105,2,2,64,0,0,1,1,"",""
"COENZYME_BINDING","http://www.broadinstitute.org/gsea/msigdb/cards/COENZYME_BINDING",13105,2,2,16,0,0,1,1,"",""
"GTPASE_BINDING","http://www.broadinstitute.org/gsea/msigdb/cards/GTPASE_BINDING",13105,2,2,34,0,0,1,1,"",""
"GROWTH_FACTOR_BINDING","http://www.broadinstitute.org/gsea/msigdb/cards/GROWTH_FACTOR_BINDING",13105,2,2,32,0,0,1,1,"",""
"ENZYME_BINDING","http://www.broadinstitute.org/gsea/msigdb/cards/ENZYME_BINDING",13105,2,2,178,0,0,1,1,"",""
"CHROMATIN_BINDING","http://www.broadinstitute.org/gsea/msigdb/cards/CHROMATIN_BINDING",13105,2,2,32,0,0,1,1,"",""
"LIPID_TRANSPORTER_ACTIVITY","http://www.broadinstitute.org/gsea/msigdb/cards/LIPID_TRANSPORTER_ACTIVITY",13105,2,2,28,0,0,1,1,"",""
"PURINE_RIBONUCLEOTIDE_BINDING","http://www.broadinstitute.org/gsea/msigdb/cards/PURINE_RIBONUCLEOTIDE_BINDING",13105,2,2,205,0,0,1,1,"",""
"AMINE_BINDING","http://www.broadinstitute.org/gsea/msigdb/cards/AMINE_BINDING",13105,2,2,23,0,0,1,1,"",""
"ORGANIC_ACID_TRANSMEMBRANE_TRANSPORTER_ACTIVITY","http://www.broadinstitute.org/gsea/msigdb/cards/ORGANIC_ACID_TRANSMEMBRANE_TRANSPORTER_ACTIVITY",13105,2,2,45,0,0,1,1,"",""
"UNFOLDED_PROTEIN_BINDING","http://www.broadinstitute.org/gsea/msigdb/cards/UNFOLDED_PROTEIN_BINDING",13105,2,2,42,0,0,1,1,"",""
"TRANSITION_METAL_ION_BINDING","http://www.broadinstitute.org/gsea/msigdb/cards/TRANSITION_METAL_ION_BINDING",13105,2,2,111,0,0,1,1,"",""
"OXIDOREDUCTASE_ACTIVITY_ACTING_ON_THE_ALDEHYDE_OR_OXO_GROUP_OF_DONORSNAD_OR_NADP_AS_ACCEPTOR","http://www.broadinstitute.org/gsea/msigdb/cards/OXIDOREDUCTASE_ACTIVITY_ACTING_ON_THE_ALDEHYDE_OR_OXO_GROUP_OF_DONORSNAD_OR_NADP_AS_ACCEPTOR",13105,2,2,16,0,0,1,1,"",""
"SH3_SH2_ADAPTOR_ACTIVITY","http://www.broadinstitute.org/gsea/msigdb/cards/SH3_SH2_ADAPTOR_ACTIVITY",13105,2,2,43,0,0,1,1,"",""
"SMALL_CONJUGATING_PROTEIN_LIGASE_ACTIVITY","http://www.broadinstitute.org/gsea/msigdb/cards/SMALL_CONJUGATING_PROTEIN_LIGASE_ACTIVITY",13105,2,2,51,0,0,1,1,"",""
"TRANSFERASE_ACTIVITY_TRANSFERRING_SULFUR_CONTAINING_GROUPS","http://www.broadinstitute.org/gsea/msigdb/cards/TRANSFERASE_ACTIVITY_TRANSFERRING_SULFUR_CONTAINING_GROUPS",13105,2,2,32,0,0,1,1,"",""
"GLYCOSAMINOGLYCAN_BINDING","http://www.broadinstitute.org/gsea/msigdb/cards/GLYCOSAMINOGLYCAN_BINDING",13105,2,2,34,0,0,1,1,"",""
"PHOSPHATASE_BINDING","http://www.broadinstitute.org/gsea/msigdb/cards/PHOSPHATASE_BINDING",13105,2,2,13,0,0,1,1,"",""
"CARBOXYLIC_ACID_TRANSMEMBRANE_TRANSPORTER_ACTIVITY","http://www.broadinstitute.org/gsea/msigdb/cards/CARBOXYLIC_ACID_TRANSMEMBRANE_TRANSPORTER_ACTIVITY",13105,2,2,44,0,0,1,1,"",""
"NICOTINIC_ACETYLCHOLINE_ACTIVATED_CATION_SELECTIVE_CHANNEL_ACTIVITY","http://www.broadinstitute.org/gsea/msigdb/cards/NICOTINIC_ACETYLCHOLINE_ACTIVATED_CATION_SELECTIVE_CHANNEL_ACTIVITY",13105,2,2,11,0,0,1,1,"",""
"PHOSPHATASE_REGULATOR_ACTIVITY","http://www.broadinstitute.org/gsea/msigdb/cards/PHOSPHATASE_REGULATOR_ACTIVITY",13105,2,2,26,0,0,1,1,"",""
"CALMODULIN_BINDING","http://www.broadinstitute.org/gsea/msigdb/cards/CALMODULIN_BINDING",13105,2,2,25,0,0,1,1,"",""
"GLUTATHIONE_TRANSFERASE_ACTIVITY","http://www.broadinstitute.org/gsea/msigdb/cards/GLUTATHIONE_TRANSFERASE_ACTIVITY",13105,2,2,15,0,0,1,1,"",""
"TRANSMEMBRANE_TRANSPORTER_ACTIVITY","http://www.broadinstitute.org/gsea/msigdb/cards/TRANSMEMBRANE_TRANSPORTER_ACTIVITY",13105,2,2,375,0,0,1,1,"",""
"PYROPHOSPHATASE_ACTIVITY","http://www.broadinstitute.org/gsea/msigdb/cards/PYROPHOSPHATASE_ACTIVITY",13105,2,2,226,0,0,1,1,"",""
"THYROID_HORMONE_RECEPTOR_BINDING","http://www.broadinstitute.org/gsea/msigdb/cards/THYROID_HORMONE_RECEPTOR_BINDING",13105,2,2,17,0,0,1,1,"",""
"CYTOKINE_BINDING","http://www.broadinstitute.org/gsea/msigdb/cards/CYTOKINE_BINDING",13105,2,2,48,0,0,1,1,"",""
"HYDROLASE_ACTIVITY_ACTING_ON_CARBON_NITROGEN_NOT_PEPTIDEBONDSIN_LINEAR_AMIDES","http://www.broadinstitute.org/gsea/msigdb/cards/HYDROLASE_ACTIVITY_ACTING_ON_CARBON_NITROGEN_NOT_PEPTIDEBONDSIN_LINEAR_AMIDES",13105,2,2,21,0,0,1,1,"",""
"SERINE_TYPE_ENDOPEPTIDASE_ACTIVITY","http://www.broadinstitute.org/gsea/msigdb/cards/SERINE_TYPE_ENDOPEPTIDASE_ACTIVITY",13105,2,2,41,0,0,1,1,"",""
"TRANSLATION_INITIATION_FACTOR_ACTIVITY","http://www.broadinstitute.org/gsea/msigdb/cards/TRANSLATION_INITIATION_FACTOR_ACTIVITY",13105,2,2,24,0,0,1,1,"",""
"TRANSITION_METAL_ION_TRANSMEMBRANE_TRANSPORTER_ACTIVITY","http://www.broadinstitute.org/gsea/msigdb/cards/TRANSITION_METAL_ION_TRANSMEMBRANE_TRANSPORTER_ACTIVITY",13105,2,2,10,0,0,1,1,"",""
"NUCLEASE_ACTIVITY","http://www.broadinstitute.org/gsea/msigdb/cards/NUCLEASE_ACTIVITY",13105,2,2,55,0,0,1,1,"",""
"SECRETIN_LIKE_RECEPTOR_ACTIVITY","http://www.broadinstitute.org/gsea/msigdb/cards/SECRETIN_LIKE_RECEPTOR_ACTIVITY",13105,2,2,11,0,0,1,1,"",""
"RIBONUCLEOPROTEIN_BINDING","http://www.broadinstitute.org/gsea/msigdb/cards/RIBONUCLEOPROTEIN_BINDING",13105,2,2,12,0,0,1,1,"",""
"ATPASE_ACTIVITY_COUPLED_TO_MOVEMENT_OF_SUBSTANCES","http://www.broadinstitute.org/gsea/msigdb/cards/ATPASE_ACTIVITY_COUPLED_TO_MOVEMENT_OF_SUBSTANCES",13105,2,2,40,0,0,1,1,"",""
"GENERAL_RNA_POLYMERASE_II_TRANSCRIPTION_FACTOR_ACTIVITY","http://www.broadinstitute.org/gsea/msigdb/cards/GENERAL_RNA_POLYMERASE_II_TRANSCRIPTION_FACTOR_ACTIVITY",13105,2,2,32,0,0,1,1,"",""
"TRANSFERASE_ACTIVITY_TRANSFERRING_GROUPS_OTHER_THAN_AMINO_ACYL_GROUPS","http://www.broadinstitute.org/gsea/msigdb/cards/TRANSFERASE_ACTIVITY_TRANSFERRING_GROUPS_OTHER_THAN_AMINO_ACYL_GROUPS",13105,2,2,49,0,0,1,1,"",""
"DNA_BINDING","http://www.broadinstitute.org/gsea/msigdb/cards/DNA_BINDING",13105,2,2,602,0,0,1,1,"",""
"UBIQUITIN_PROTEIN_LIGASE_ACTIVITY","http://www.broadinstitute.org/gsea/msigdb/cards/UBIQUITIN_PROTEIN_LIGASE_ACTIVITY",13105,2,2,49,0,0,1,1,"",""
"GALACTOSYLTRANSFERASE_ACTIVITY","http://www.broadinstitute.org/gsea/msigdb/cards/GALACTOSYLTRANSFERASE_ACTIVITY",13105,2,2,16,0,0,1,1,"",""
"CYCLASE_ACTIVITY","http://www.broadinstitute.org/gsea/msigdb/cards/CYCLASE_ACTIVITY",13105,2,2,11,0,0,1,1,"",""
"SINGLE_STRANDED_RNA_BINDING","http://www.broadinstitute.org/gsea/msigdb/cards/SINGLE_STRANDED_RNA_BINDING",13105,2,2,13,0,0,1,1,"",""
"GUANYL_NUCLEOTIDE_EXCHANGE_FACTOR_ACTIVITY","http://www.broadinstitute.org/gsea/msigdb/cards/GUANYL_NUCLEOTIDE_EXCHANGE_FACTOR_ACTIVITY",13105,2,2,46,0,0,1,1,"",""
"ION_TRANSMEMBRANE_TRANSPORTER_ACTIVITY","http://www.broadinstitute.org/gsea/msigdb/cards/ION_TRANSMEMBRANE_TRANSPORTER_ACTIVITY",13105,2,2,278,0,0,1,1,"",""
"PHOSPHOLIPID_TRANSPORTER_ACTIVITY","http://www.broadinstitute.org/gsea/msigdb/cards/PHOSPHOLIPID_TRANSPORTER_ACTIVITY",13105,2,2,12,0,0,1,1,"",""
"LOW_DENSITY_LIPOPROTEIN_BINDING","http://www.broadinstitute.org/gsea/msigdb/cards/LOW_DENSITY_LIPOPROTEIN_BINDING",13105,2,2,12,0,0,1,1,"",""
"HORMONE_RECEPTOR_BINDING","http://www.broadinstitute.org/gsea/msigdb/cards/HORMONE_RECEPTOR_BINDING",13105,2,2,29,0,0,1,1,"",""
"CYTOKINE_ACTIVITY","http://www.broadinstitute.org/gsea/msigdb/cards/CYTOKINE_ACTIVITY",13105,2,2,113,0,0,1,1,"",""
"ATP_BINDING","http://www.broadinstitute.org/gsea/msigdb/cards/ATP_BINDING",13105,2,2,156,0,0,1,1,"",""
"METALLOENDOPEPTIDASE_ACTIVITY","http://www.broadinstitute.org/gsea/msigdb/cards/METALLOENDOPEPTIDASE_ACTIVITY",13105,2,2,27,0,0,1,1,"",""
"ISOMERASE_ACTIVITY","http://www.broadinstitute.org/gsea/msigdb/cards/ISOMERASE_ACTIVITY",13105,2,2,35,0,0,1,1,"",""
"GROWTH_FACTOR_ACTIVITY","http://www.broadinstitute.org/gsea/msigdb/cards/GROWTH_FACTOR_ACTIVITY",13105,2,2,55,0,0,1,1,"",""
"MAP_KINASE_KINASE_KINASE_ACTIVITY","http://www.broadinstitute.org/gsea/msigdb/cards/MAP_KINASE_KINASE_KINASE_ACTIVITY",13105,2,2,10,0,0,1,1,"",""
"CASPASE_REGULATOR_ACTIVITY","http://www.broadinstitute.org/gsea/msigdb/cards/CASPASE_REGULATOR_ACTIVITY",13105,2,2,14,0,0,1,1,"",""
"EXTRACELLULAR_MATRIX_STRUCTURAL_CONSTITUENT","http://www.broadinstitute.org/gsea/msigdb/cards/EXTRACELLULAR_MATRIX_STRUCTURAL_CONSTITUENT",13105,2,2,27,0,0,1,1,"",""
"ANTIOXIDANT_ACTIVITY","http://www.broadinstitute.org/gsea/msigdb/cards/ANTIOXIDANT_ACTIVITY",13105,2,2,18,0,0,1,1,"",""
"ENDONUCLEASE_ACTIVITY_GO_0016893","http://www.broadinstitute.org/gsea/msigdb/cards/ENDONUCLEASE_ACTIVITY_GO_0016893",13105,2,2,11,0,0,1,1,"",""
"TRANSCRIPTION_COFACTOR_ACTIVITY","http://www.broadinstitute.org/gsea/msigdb/cards/TRANSCRIPTION_COFACTOR_ACTIVITY",13105,2,2,228,0,0,1,1,"",""
"INOSITOL_OR_PHOSPHATIDYLINOSITOL_KINASE_ACTIVITY","http://www.broadinstitute.org/gsea/msigdb/cards/INOSITOL_OR_PHOSPHATIDYLINOSITOL_KINASE_ACTIVITY",13105,2,2,18,0,0,1,1,"",""
